,level_0,index,SNo,ObservationDate,Province/State,Country/Region,Last Update,Confirmed,Deaths,Recovered,Active
8,8,212,213,2020-01-26,California,US,1/26/20 16:00,2.0,0.0,0.0,2.0
12,12,261,262,2020-01-27,California,US,1/27/20 23:59,2.0,0.0,0.0,2.0
16,16,314,315,2020-01-28,California,US,1/28/20 23:00,2.0,0.0,0.0,2.0
20,20,368,369,2020-01-29,California,US,1/29/20 19:30,2.0,0.0,0.0,2.0
24,24,425,426,2020-01-30,California,US,1/30/20 16:00,2.0,0.0,0.0,2.0
27,27,494,495,2020-01-31,California,US,1/31/2020 23:59,2.0,0.0,0.0,2.0
901,901,4649,4650,2020-03-10,California,US,2020-03-10T19:13:28,144.0,2.0,2.0,140.0
953,953,4856,4857,2020-03-11,California,US,2020-03-11T23:53:03,177.0,3.0,2.0,172.0
1005,1005,5072,5073,2020-03-12,California,US,2020-03-12T23:44:33,221.0,4.0,6.0,211.0
1061,1061,5430,5431,2020-03-13,California,US,2020-03-11T20:00:00,282.0,4.0,6.0,272.0
1110,1110,5519,5520,2020-03-14,California,US,2020-03-14T22:13:32,340.0,5.0,6.0,329.0
1164,1164,5770,5771,2020-03-15,California,US,2020-03-15T18:33:03,426.0,6.0,6.0,414.0
1220,1220,6027,6028,2020-03-16,California,US,2020-03-16T23:53:03,557.0,7.0,6.0,544.0
1276,1276,6297,6298,2020-03-17,California,US,2020-03-17T22:53:03,698.0,12.0,6.0,680.0
1332,1332,6576,6577,2020-03-18,California,US,2020-03-18T19:14:34,751.0,13.0,0.0,738.0
1390,1390,6858,6859,2020-03-19,California,US,2020-03-19T21:13:40,952.0,18.0,0.0,934.0
1448,1448,7150,7151,2020-03-20,California,US,2020-03-20T23:43:03,1177.0,23.0,0.0,1154.0
1505,1505,7448,7449,2020-03-21,California,US,2020-03-21T22:43:04,1364.0,24.0,0.0,1340.0
1565,1565,7913,7914,2020-03-22,California,US,3/8/20 5:31,1646.0,30.0,0.0,1616.0
1624,1624,8216,8217,2020-03-23,California,US,2020-03-23 23:23:20,2108.0,39.0,0.0,2069.0
1682,1682,8518,8519,2020-03-24,California,US,2020-03-24 23:41:50,2538.0,50.0,0.0,2488.0
1741,1741,8825,8826,2020-03-25,California,US,2020-03-25 23:37:49,2998.0,65.0,0.0,2933.0
1800,1800,9134,9135,2020-03-26,California,US,2020-03-26 23:53:24,3899.0,81.0,0.0,3818.0
1859,1859,9446,9447,2020-03-27,California,US,2020-03-27 23:27:48,4657.0,94.0,0.0,4563.0
1918,1918,9761,9762,2020-03-28,California,US,3/8/20 5:31,5095.0,110.0,0.0,4985.0
1977,1977,10077,10078,2020-03-29,California,US,3/8/20 5:31,5852.0,124.0,0.0,5728.0
2036,2036,10394,10395,2020-03-30,California,US,3/8/20 5:31,7138.0,146.0,0.0,6992.0
2094,2094,10712,10713,2020-03-31,California,US,2020-03-31 23:49:27,8210.0,173.0,0.0,8037.0
2152,2152,11030,11031,2020-04-01,California,US,2020-04-01 22:04:58,9420.0,198.0,0.0,9222.0
2210,2210,11350,11351,2020-04-02,California,US,4/2/20 8:53,10792.0,237.0,0.0,10555.0
2268,2268,11670,11671,2020-04-03,California,US,2020-04-03 22:52:45,12032.0,265.0,0.0,11767.0
2326,2326,11990,11991,2020-04-04,California,US,4/4/20 9:38,12839.0,287.0,0.0,12552.0
2384,2384,12312,12313,2020-04-05,California,US,2020-04-05 23:13:44,15035.0,348.0,0.0,14687.0
2442,2442,12636,12637,2020-04-06,California,US,4/6/20 9:37,16036.0,380.0,0.0,15656.0
2500,2500,12960,12961,2020-04-07,California,US,2020-04-07 23:11:31,17369.0,429.0,0.0,16940.0
2558,2558,13284,13285,2020-04-08,California,US,2020-04-08 22:59:00,18934.0,497.0,0.0,18437.0
2616,2616,13608,13609,2020-04-09,California,US,2020-04-09 23:09:19,19745.0,547.0,0.0,19198.0
2674,2674,13933,13934,2020-04-10,California,US,2020-04-10 23:01:43,21120.0,586.0,0.0,20534.0
2732,2732,14258,14259,2020-04-11,California,US,2020-04-11 22:52:46,21709.0,606.0,0.0,21103.0
2790,2790,14583,14584,2020-04-12,California,US,2020-04-12 23:25:00,22805.0,643.0,0.0,22162.0
2848,2848,14907,14908,2020-04-13,California,US,2020-04-13 23:15:42,23956.0,713.0,0.0,23243.0
2906,2906,15231,15232,2020-04-14,California,US,2020-04-14 23:41:11,25427.0,766.0,0.0,24661.0
2964,2964,15555,15556,2020-04-15,California,US,2020-04-15 23:04:26,26719.0,866.0,0.0,25853.0
3022,3022,15879,15880,2020-04-16,California,US,2020-04-16 23:38:19,27687.0,962.0,0.0,26725.0
3080,3080,16203,16204,2020-04-17,California,US,2020-04-17 23:38:48,29470.0,1044.0,0.0,28426.0
3138,3138,16527,16528,2020-04-18,California,US,2020-04-18 22:40:18,30785.0,1140.0,0.0,29645.0
3196,3196,16851,16852,2020-04-19,California,US,2020-04-19 23:49:05,31660.0,1178.0,0.0,30482.0
3254,3254,17175,17176,2020-04-20,California,US,2020-04-20 23:44:50,33946.0,1223.0,0.0,32723.0
3312,3312,17499,17500,2020-04-21,California,US,2020-04-21 23:39:09,35778.0,1278.0,0.0,34500.0
3370,3370,17823,17824,2020-04-22,California,US,2020-04-22 23:38:57,37731.0,1425.0,0.0,36306.0
3428,3428,18146,18147,2020-04-23,California,US,2020-04-24 03:31:35,39946.0,1530.0,0.0,38416.0
3486,3486,18470,18471,2020-04-24,California,US,2020-04-25 06:31:19,41803.0,1620.0,0.0,40183.0
3544,3544,18791,18792,2020-04-25,California,US,2020-04-26 02:31:18,42771.0,1689.0,0.0,41082.0
3602,3602,19112,19113,2020-04-26,California,US,2020-04-27 02:31:20,43887.0,1725.0,0.0,42162.0
3660,3660,19433,19434,2020-04-27,California,US,2020-04-28 02:31:20,45381.0,1779.0,0.0,43602.0
3718,3718,19758,19759,2020-04-28,California,US,2020-04-29 02:32:29,46714.0,1861.0,0.0,44853.0
3776,3776,20083,20084,2020-04-29,California,US,2020-04-30 02:32:27,49310.0,1946.0,0.0,47364.0
3834,3834,20410,20411,2020-04-30,California,US,2020-05-01 02:32:28,50712.0,2029.0,0.0,48683.0
3892,3892,20737,20738,2020-05-01,California,US,2020-05-02 02:32:27,52536.0,2128.0,0.0,50408.0
3950,3950,21064,21065,2020-05-02,California,US,2020-05-03 02:32:28,53833.0,2181.0,0.0,51652.0
4008,4008,21391,21392,2020-05-03,California,US,2020-05-04 02:32:28,55323.0,2218.0,0.0,53105.0
4066,4066,21718,21719,2020-05-04,California,US,2020-05-05 02:32:34,56419.0,2280.0,0.0,54139.0
4124,4124,22045,22046,2020-05-05,California,US,2020-05-06 02:32:31,59039.0,2379.0,0.0,56660.0
4182,4182,22372,22373,2020-05-06,California,US,2021-04-02 15:13:53,61245.0,2464.0,0.0,58781.0
4240,4240,22699,22700,2020-05-07,California,US,2021-04-02 15:13:53,62869.0,2537.0,0.0,60332.0
4298,4298,23026,23027,2020-05-08,California,US,2021-04-02 15:13:53,64543.0,2617.0,0.0,61926.0
4356,4356,23353,23354,2020-05-09,California,US,2021-04-02 15:13:53,67271.0,2692.0,0.0,64579.0
4414,4414,23680,23681,2020-05-10,California,US,2021-04-02 15:13:53,68231.0,2723.0,0.0,65508.0
4472,4472,24007,24008,2020-05-11,California,US,2021-04-02 15:13:53,70039.0,2785.0,0.0,67254.0
4530,4530,24334,24335,2020-05-12,California,US,2021-04-02 15:13:53,71768.0,2883.0,0.0,68885.0
4588,4588,24662,24663,2020-05-13,California,US,2021-04-02 15:13:53,73603.0,2950.0,0.0,70653.0
4646,4646,25000,25001,2020-05-14,California,US,2021-04-02 15:13:53,75580.0,3053.0,0.0,72527.0
4704,4704,25381,25382,2020-05-15,California,US,2021-04-02 15:13:53,77427.0,3135.0,0.0,74292.0
4762,4762,25762,25763,2020-05-16,California,US,2021-04-02 15:13:53,79471.0,3206.0,0.0,76265.0
4820,4820,26143,26144,2020-05-17,California,US,2021-04-02 15:13:53,80809.0,3240.0,0.0,77569.0
4878,4878,26524,26525,2020-05-18,California,US,2021-04-02 15:13:53,82259.0,3279.0,0.0,78980.0
4936,4936,26905,26906,2020-05-19,California,US,2021-04-02 15:13:53,84623.0,3402.0,0.0,81221.0
4994,4994,27298,27299,2020-05-20,California,US,2021-04-02 15:13:53,86818.0,3497.0,0.0,83321.0
5052,5052,27754,27755,2020-05-21,California,US,2021-04-02 15:13:53,88926.0,3580.0,0.0,85346.0
5110,5110,28210,28211,2020-05-22,California,US,2021-04-02 15:13:53,91210.0,3660.0,0.0,87550.0
5168,5168,28666,28667,2020-05-23,California,US,2021-04-02 15:13:53,93379.0,3735.0,0.0,89644.0
5226,5226,29122,29123,2020-05-24,California,US,2021-04-02 15:13:53,94769.0,3753.0,0.0,91016.0
5284,5284,29578,29579,2020-05-25,California,US,2021-04-02 15:13:53,97082.0,3768.0,0.0,93314.0
5342,5342,30034,30035,2020-05-26,California,US,2021-04-02 15:13:53,100207.0,3818.0,0.0,96389.0
5400,5400,30490,30491,2020-05-27,California,US,2021-04-02 15:13:53,102014.0,3894.0,0.0,98120.0
5458,5458,30959,30960,2020-05-28,California,US,2021-04-02 15:13:53,104893.0,3986.0,0.0,100907.0
5516,5516,31516,31517,2020-05-29,California,US,2021-04-02 15:13:53,107707.0,4069.0,0.0,103638.0
5574,5574,32074,32075,2020-05-30,California,US,2021-04-02 15:13:53,110937.0,4136.0,0.0,106801.0
5632,5632,32633,32634,2020-05-31,California,US,2021-04-02 15:13:53,112919.0,4166.0,0.0,108753.0
5690,5690,33200,33201,2020-06-01,California,US,2021-04-02 15:13:53,115688.0,4211.0,0.0,111477.0
5748,5748,33868,33869,2020-06-02,California,US,2021-04-02 15:13:53,118292.0,4299.0,0.0,113993.0
5806,5806,34535,34536,2020-06-03,California,US,2021-04-02 15:13:53,120557.0,4367.0,0.0,116190.0
5864,5864,35203,35204,2020-06-04,California,US,2021-04-02 15:13:53,123490.0,4438.0,0.0,119052.0
5922,5922,35871,35872,2020-06-05,California,US,2021-04-02 15:13:53,126989.0,4519.0,0.0,122470.0
5980,5980,36559,36560,2020-06-06,California,US,2021-04-02 15:13:53,129735.0,4595.0,0.0,125140.0
6038,6038,37247,37248,2020-06-07,California,US,2021-04-02 15:13:53,131769.0,4622.0,0.0,127147.0
6096,6096,37935,37936,2020-06-08,California,US,2021-04-02 15:13:53,135114.0,4647.0,0.0,130467.0
6154,6154,38623,38624,2020-06-09,California,US,2021-04-02 15:13:53,138148.0,4735.0,0.0,133413.0
6212,6212,39316,39317,2020-06-10,California,US,2021-04-02 15:13:53,141313.0,4846.0,0.0,136467.0
6270,6270,40044,40045,2020-06-11,California,US,2021-04-02 15:13:53,145024.0,4926.0,0.0,140098.0
6328,6328,40777,40778,2020-06-12,California,US,2021-04-02 15:13:53,148434.0,4970.0,0.0,143464.0
6386,6386,41510,41511,2020-06-13,California,US,2021-04-02 15:13:53,151885.0,5070.0,0.0,146815.0
6444,6444,42243,42244,2020-06-14,California,US,2021-04-02 15:13:53,154012.0,5094.0,0.0,148918.0
6502,6502,42976,42977,2020-06-15,California,US,2021-04-02 15:13:53,157620.0,5110.0,0.0,152510.0
6560,6560,43709,43710,2020-06-16,California,US,2021-04-02 15:13:53,161149.0,5196.0,0.0,155953.0
6618,6618,44442,44443,2020-06-17,California,US,2021-04-02 15:13:53,165425.0,5267.0,0.0,160158.0
6676,6676,45175,45176,2020-06-18,California,US,2021-04-02 15:13:53,170296.0,5350.0,0.0,164946.0
6734,6734,45908,45909,2020-06-19,California,US,2021-04-02 15:13:53,174428.0,5422.0,0.0,169006.0
6792,6792,46641,46642,2020-06-20,California,US,2021-04-02 15:13:53,178846.0,5487.0,0.0,173359.0
6850,6850,47374,47375,2020-06-21,California,US,2021-04-02 15:13:53,182026.0,5511.0,0.0,176515.0
6908,6908,48107,48108,2020-06-22,California,US,2021-04-02 15:13:53,188948.0,5561.0,0.0,183387.0
6966,6966,48840,48841,2020-06-23,California,US,2021-04-02 15:13:53,196541.0,5621.0,0.0,190920.0
7024,7024,49573,49574,2020-06-24,California,US,2021-04-02 15:13:53,201764.0,5709.0,0.0,196055.0
7082,7082,50306,50307,2020-06-25,California,US,2021-04-02 15:13:53,207480.0,5797.0,0.0,201683.0
7140,7140,51039,51040,2020-06-26,California,US,2021-04-02 15:13:53,213752.0,5862.0,0.0,207890.0
7198,7198,51772,51773,2020-06-27,California,US,2021-04-02 15:13:53,217612.0,5894.0,0.0,211718.0
7256,7256,52505,52506,2020-06-28,California,US,2021-04-02 15:13:53,222630.0,5926.0,0.0,216704.0
7314,7314,53238,53239,2020-06-29,California,US,2021-04-02 15:13:53,231578.0,5979.0,0.0,225599.0
7372,7372,53971,53972,2020-06-30,California,US,2021-04-02 15:13:53,239538.0,6074.0,0.0,233464.0
7430,7430,54704,54705,2020-07-01,California,US,2021-04-02 15:13:53,247317.0,6160.0,0.0,241157.0
7488,7488,55437,55438,2020-07-02,California,US,2021-04-02 15:13:53,255494.0,6253.0,0.0,249241.0
7546,7546,56170,56171,2020-07-03,California,US,2021-04-02 15:13:53,259664.0,6306.0,0.0,253358.0
7604,7604,56903,56904,2020-07-04,California,US,2021-04-02 15:13:53,261909.0,6334.0,0.0,255575.0
7662,7662,57636,57637,2020-07-05,California,US,2021-04-02 15:13:53,273416.0,6374.0,0.0,267042.0
7720,7720,58369,58370,2020-07-06,California,US,2021-04-02 15:13:53,279891.0,6442.0,0.0,273449.0
7778,7778,59102,59103,2020-07-07,California,US,2021-04-02 15:13:53,292859.0,6573.0,0.0,286286.0
7836,7836,59835,59836,2020-07-08,California,US,2021-04-02 15:13:53,301140.0,6702.0,0.0,294438.0
7894,7894,60568,60569,2020-07-09,California,US,2021-04-02 15:13:53,310753.0,6851.0,0.0,303902.0
7952,7952,61301,61302,2020-07-10,California,US,2021-04-02 15:13:53,319276.0,6958.0,0.0,312318.0
8010,8010,62034,62035,2020-07-11,California,US,2021-04-02 15:13:53,326299.0,7031.0,0.0,319268.0
8068,8068,62767,62768,2020-07-12,California,US,2021-04-02 15:13:53,331786.0,7055.0,0.0,324731.0
8126,8126,63500,63501,2020-07-13,California,US,2021-04-02 15:13:53,340931.0,7094.0,0.0,333837.0
8184,8184,64233,64234,2020-07-14,California,US,2021-04-02 15:13:53,353610.0,7254.0,0.0,346356.0
8242,8242,64966,64967,2020-07-15,California,US,2021-04-02 15:13:53,362293.0,7381.0,0.0,354912.0
8300,8300,65699,65700,2020-07-16,California,US,2021-04-02 15:13:53,372098.0,7496.0,0.0,364602.0
8358,8358,66431,66432,2020-07-17,California,US,2021-04-02 15:13:53,381075.0,7609.0,0.0,373466.0
8416,8416,67176,67177,2020-07-18,California,US,2021-04-02 15:13:53,388450.0,7696.0,0.0,380754.0
8474,8474,67922,67923,2020-07-19,California,US,2021-04-02 15:13:53,394389.0,7723.0,0.0,386666.0
8532,8532,68668,68669,2020-07-20,California,US,2021-04-02 15:13:53,405371.0,7778.0,0.0,397593.0
8590,8590,69414,69415,2020-07-21,California,US,2021-04-02 15:13:53,416450.0,7893.0,0.0,408557.0
8648,8648,70160,70161,2020-07-22,California,US,2021-04-02 15:13:53,428241.0,8053.0,0.0,420188.0
8706,8706,70906,70907,2020-07-23,California,US,2021-04-02 15:13:53,437338.0,8191.0,0.0,429147.0
8764,8764,71652,71653,2020-07-24,California,US,2021-04-02 15:13:53,446585.0,8334.0,0.0,438251.0
8822,8822,72398,72399,2020-07-25,California,US,2021-04-02 15:13:53,452831.0,8422.0,0.0,444409.0
8880,8880,73144,73145,2020-07-26,California,US,2021-04-02 15:13:53,458288.0,8459.0,0.0,449829.0
8938,8938,73890,73891,2020-07-27,California,US,2021-04-02 15:13:53,464577.0,8511.0,0.0,456066.0
8996,8996,74636,74637,2020-07-28,California,US,2021-04-02 15:13:53,477355.0,8685.0,0.0,468670.0
9054,9054,75383,75384,2020-07-29,California,US,2021-04-02 15:13:53,491537.0,8901.0,0.0,482636.0
9112,9112,76130,76131,2020-07-30,California,US,2021-04-02 15:13:53,499519.0,9024.0,0.0,490495.0
9170,9170,76877,76878,2020-07-31,California,US,2021-04-02 15:13:53,507206.0,9232.0,0.0,497974.0
9228,9228,77624,77625,2020-08-01,California,US,2021-04-02 15:13:53,513078.0,9362.0,0.0,503716.0
9286,9286,78371,78372,2020-08-02,California,US,2021-04-02 15:13:53,518282.0,9419.0,0.0,508863.0
9344,9344,79118,79119,2020-08-03,California,US,2021-04-02 15:13:53,522847.0,9466.0,0.0,513381.0
9402,9402,79865,79866,2020-08-04,California,US,2021-04-02 15:13:53,532850.0,9651.0,0.0,523199.0
9460,9460,80612,80613,2020-08-05,California,US,2021-04-02 15:13:53,537165.0,9816.0,0.0,527349.0
9518,9518,81359,81360,2020-08-06,California,US,2021-04-02 15:13:53,547639.0,10035.0,0.0,537604.0
9576,9576,82106,82107,2020-08-07,California,US,2021-04-02 15:13:53,553552.0,10152.0,0.0,543400.0
9634,9634,82853,82854,2020-08-08,California,US,2021-04-02 15:13:53,560936.0,10329.0,0.0,550607.0
9692,9692,83600,83601,2020-08-09,California,US,2021-04-02 15:13:53,566043.0,10362.0,0.0,555681.0
9750,9750,84347,84348,2020-08-10,California,US,2021-04-02 15:13:53,579653.0,10509.0,0.0,569144.0
9808,9808,85094,85095,2020-08-11,California,US,2021-04-02 15:13:53,585315.0,10556.0,0.0,574759.0
9866,9866,85840,85841,2020-08-12,California,US,2021-04-02 15:13:53,596862.0,10782.0,0.0,586080.0
9924,9924,86586,86587,2020-08-13,California,US,2021-04-02 15:13:53,602811.0,10904.0,0.0,591907.0
9982,9982,87332,87333,2020-08-14,California,US,2021-04-02 15:13:53,617459.0,11178.0,0.0,606281.0
10040,10040,88078,88079,2020-08-15,California,US,2021-04-02 15:13:53,622431.0,11244.0,0.0,611187.0
10098,10098,88824,88825,2020-08-16,California,US,2021-04-02 15:13:53,627796.0,11277.0,0.0,616519.0
10156,10156,89570,89571,2020-08-17,California,US,2021-04-02 15:13:53,633339.0,11331.0,0.0,622008.0
10214,10214,90316,90317,2020-08-18,California,US,2021-04-02 15:13:53,641991.0,11492.0,0.0,630499.0
10272,10272,91062,91063,2020-08-19,California,US,2021-04-02 15:13:53,651034.0,11717.0,0.0,639317.0
10330,10330,91808,91809,2020-08-20,California,US,2021-04-02 15:13:53,656039.0,11847.0,0.0,644192.0
10388,10388,92554,92555,2020-08-21,California,US,2021-04-02 15:13:53,662673.0,11991.0,0.0,650682.0
10446,10446,93300,93301,2020-08-22,California,US,2021-04-02 15:13:53,667844.0,12110.0,0.0,655734.0
10504,10504,94046,94047,2020-08-23,California,US,2021-04-02 15:13:53,672608.0,12181.0,0.0,660427.0
10562,10562,94792,94793,2020-08-24,California,US,2021-04-02 15:13:53,678638.0,12262.0,0.0,666376.0
10620,10620,95538,95539,2020-08-25,California,US,2021-04-02 15:13:53,684221.0,12418.0,0.0,671803.0
10678,10678,96284,96285,2020-08-26,California,US,2021-04-02 15:13:53,689783.0,12550.0,0.0,677233.0
10736,10736,97030,97031,2020-08-27,California,US,2021-04-02 15:13:53,694617.0,12710.0,0.0,681907.0
10794,10794,97776,97777,2020-08-28,California,US,2021-04-02 15:13:53,699912.0,12857.0,0.0,687055.0
10852,10852,98522,98523,2020-08-29,California,US,2021-04-02 15:13:53,704311.0,12945.0,0.0,691366.0
10910,10910,99268,99269,2020-08-30,California,US,2021-04-02 15:13:53,708033.0,12976.0,0.0,695057.0
10968,10968,100014,100015,2020-08-31,California,US,2021-04-02 15:13:53,714572.0,13061.0,0.0,701511.0
11026,11026,100760,100761,2020-09-01,California,US,2021-04-02 15:13:53,717815.0,13175.0,0.0,704640.0
11084,11084,101506,101507,2020-09-02,California,US,2021-04-02 15:13:53,723371.0,13360.0,0.0,710011.0
11142,11142,102252,102253,2020-09-03,California,US,2021-04-02 15:13:53,728355.0,13541.0,0.0,714814.0
11200,11200,102998,102999,2020-09-04,California,US,2021-04-02 15:13:53,733034.0,13694.0,0.0,719340.0
11258,11258,103744,103745,2020-09-05,California,US,2021-04-02 15:13:53,737632.0,13744.0,0.0,723888.0
11316,11316,104490,104491,2020-09-06,California,US,2021-04-02 15:13:53,740883.0,13791.0,0.0,727092.0
11374,11374,105236,105237,2020-09-07,California,US,2021-04-02 15:13:53,743002.0,13816.0,0.0,729186.0
11432,11432,105982,105983,2020-09-08,California,US,2021-04-02 15:13:53,746375.0,13879.0,0.0,732496.0
11490,11490,106728,106729,2020-09-09,California,US,2021-04-02 15:13:53,749453.0,14049.0,0.0,735404.0
11548,11548,107474,107475,2020-09-10,California,US,2021-04-02 15:13:53,752958.0,14157.0,0.0,738801.0
11606,11606,108220,108221,2020-09-11,California,US,2021-04-02 15:13:53,756997.0,14312.0,0.0,742685.0
11664,11664,108966,108967,2020-09-12,California,US,2021-04-02 15:13:53,760938.0,14388.0,0.0,746550.0
11722,11722,109712,109713,2020-09-13,California,US,2021-04-02 15:13:53,763711.0,14448.0,0.0,749263.0
11780,11780,110458,110459,2020-09-14,California,US,2021-04-02 15:13:53,767310.0,14502.0,0.0,752808.0
11838,11838,111204,111205,2020-09-15,California,US,2021-04-02 15:13:53,770342.0,14655.0,0.0,755687.0
11896,11896,111950,111951,2020-09-16,California,US,2021-04-02 15:13:53,773866.0,14764.0,0.0,759102.0
11954,11954,112696,112697,2020-09-17,California,US,2021-04-02 15:13:53,777545.0,14872.0,0.0,762673.0
12012,12012,113442,113443,2020-09-18,California,US,2021-04-02 15:13:53,782010.0,14949.0,0.0,767061.0
12070,12070,114188,114189,2020-09-19,California,US,2021-04-02 15:13:53,785766.0,15084.0,0.0,770682.0
12128,12128,114934,114935,2020-09-20,California,US,2021-04-02 15:13:53,788552.0,15079.0,0.0,773473.0
12186,12186,115680,115681,2020-09-21,California,US,2021-04-02 15:13:53,792524.0,15118.0,0.0,777406.0
12244,12244,116427,116428,2020-09-22,California,US,2021-04-02 15:13:53,795593.0,15254.0,0.0,780339.0
12302,12302,117174,117175,2020-09-23,California,US,2021-04-02 15:13:53,799100.0,15357.0,0.0,783743.0
12360,12360,117921,117922,2020-09-24,California,US,2021-04-02 15:13:53,802438.0,15449.0,0.0,786989.0
12418,12418,118668,118669,2020-09-25,California,US,2021-04-02 15:13:53,806606.0,15588.0,0.0,791018.0
12476,12476,119415,119416,2020-09-26,California,US,2021-04-02 15:13:53,810373.0,15647.0,0.0,794726.0
12534,12534,120162,120163,2020-09-27,California,US,2021-04-02 15:13:53,812649.0,15669.0,0.0,796980.0
12592,12592,120909,120910,2020-09-28,California,US,2021-04-02 15:13:53,815576.0,15696.0,0.0,799880.0
12650,12650,121656,121657,2020-09-29,California,US,2021-04-02 15:13:53,818727.0,15818.0,0.0,802909.0
12708,12708,122403,122404,2020-09-30,California,US,2021-04-02 15:13:53,822246.0,15943.0,0.0,806303.0
12766,12766,123150,123151,2020-10-01,California,US,2021-04-02 15:13:53,825397.0,16037.0,0.0,809360.0
12824,12824,123897,123898,2020-10-02,California,US,2021-04-02 15:13:53,829328.0,16123.0,0.0,813205.0
12882,12882,124644,124645,2020-10-03,California,US,2021-04-02 15:13:53,832666.0,16186.0,0.0,816480.0
12940,12940,125391,125392,2020-10-04,California,US,2021-04-02 15:13:53,835627.0,16216.0,0.0,819411.0
12998,12998,126138,126139,2020-10-05,California,US,2021-04-02 15:13:53,838511.0,16240.0,0.0,822271.0
13056,13056,126885,126886,2020-10-06,California,US,2021-04-02 15:13:53,841372.0,16310.0,0.0,825062.0
13114,13114,127632,127633,2020-10-07,California,US,2021-04-02 15:13:53,845181.0,16411.0,0.0,828770.0
13172,13172,128379,128380,2020-10-08,California,US,2021-04-02 15:13:53,848654.0,16487.0,0.0,832167.0
13230,13230,129126,129127,2020-10-09,California,US,2021-04-02 15:13:53,852535.0,16555.0,0.0,835980.0
13288,13288,129873,129874,2020-10-10,California,US,2021-04-02 15:13:53,855787.0,16640.0,0.0,839147.0
13346,13346,130620,130621,2020-10-11,California,US,2021-04-02 15:13:53,858460.0,16655.0,0.0,841805.0
13404,13404,131368,131369,2020-10-12,California,US,2021-04-02 15:13:53,861269.0,16661.0,0.0,844608.0
13462,13462,132116,132117,2020-10-13,California,US,2021-04-02 15:13:53,864779.0,16721.0,0.0,848058.0
13520,13520,132864,132865,2020-10-14,California,US,2021-04-02 15:13:53,868727.0,16813.0,0.0,851914.0
13578,13578,133612,133613,2020-10-15,California,US,2021-04-02 15:13:53,871801.0,16907.0,0.0,854894.0
13636,13636,134360,134361,2020-10-16,California,US,2021-04-02 15:13:53,875002.0,16990.0,0.0,858012.0
13694,13694,135108,135109,2020-10-17,California,US,2021-04-02 15:13:53,877459.0,17029.0,0.0,860430.0
13752,13752,135856,135857,2020-10-18,California,US,2021-04-02 15:13:53,879455.0,17055.0,0.0,862400.0
13810,13810,136604,136605,2020-10-19,California,US,2021-04-02 15:13:53,883478.0,17059.0,0.0,866419.0
13868,13868,137352,137353,2020-10-20,California,US,2021-04-02 15:13:53,887581.0,17130.0,0.0,870451.0
13926,13926,138100,138101,2020-10-21,California,US,2021-04-02 15:13:53,890889.0,17213.0,0.0,873676.0
13984,13984,138848,138849,2020-10-22,California,US,2021-04-02 15:13:53,897337.0,17328.0,0.0,880009.0
14042,14042,139596,139597,2020-10-23,California,US,2021-04-02 15:13:53,902941.0,17384.0,0.0,885557.0
14100,14100,140344,140345,2020-10-24,California,US,2021-04-02 15:13:53,907637.0,17421.0,0.0,890216.0
14158,14158,141092,141093,2020-10-25,California,US,2021-04-02 15:13:53,910475.0,17439.0,0.0,893036.0
14216,14216,141840,141841,2020-10-26,California,US,2021-04-02 15:13:53,914421.0,17467.0,0.0,896954.0
14274,14274,142588,142589,2020-10-27,California,US,2021-04-02 15:13:53,918894.0,17544.0,0.0,901350.0
14332,14332,143337,143338,2020-10-28,California,US,2021-04-02 15:13:53,923355.0,17610.0,0.0,905745.0
14390,14390,144086,144087,2020-10-29,California,US,2021-04-02 15:13:53,927754.0,17642.0,0.0,910112.0
14448,14448,144835,144836,2020-10-30,California,US,2021-04-02 15:13:53,932233.0,17695.0,0.0,914538.0
14506,14506,145584,145585,2020-10-31,California,US,2021-04-02 15:13:53,936325.0,17738.0,0.0,918587.0
14564,14564,146333,146334,2020-11-01,California,US,2021-04-02 15:13:53,940200.0,17751.0,0.0,922449.0
14622,14622,147082,147083,2020-11-02,California,US,2021-04-02 15:13:53,945821.0,17778.0,0.0,928043.0
14680,14680,147831,147832,2020-11-03,California,US,2021-04-02 15:13:53,950944.0,17830.0,0.0,933114.0
14738,14738,148580,148581,2020-11-04,California,US,2021-04-02 15:13:53,956520.0,17891.0,0.0,938629.0
14796,14796,149329,149330,2020-11-05,California,US,2021-04-02 15:13:53,963049.0,17947.0,0.0,945102.0
14854,14854,150078,150079,2020-11-06,California,US,2021-04-02 15:13:53,969497.0,18020.0,0.0,951477.0
14912,14912,150827,150828,2020-11-07,California,US,2021-04-02 15:13:53,974535.0,18047.0,0.0,956488.0
14970,14970,151576,151577,2020-11-08,California,US,2021-04-02 15:13:53,980738.0,18063.0,0.0,962675.0
15028,15028,152325,152326,2020-11-09,California,US,2021-04-02 15:13:53,987844.0,18122.0,0.0,969722.0
15086,15086,153075,153076,2020-11-10,California,US,2021-04-02 15:13:53,996453.0,18162.0,0.0,978291.0
15144,15144,153825,153826,2020-11-11,California,US,2021-04-02 15:13:53,1001880.0,18197.0,0.0,983683.0
15202,15202,154576,154577,2020-11-12,California,US,2021-04-02 15:13:53,1011951.0,18227.0,0.0,993724.0
15260,15260,155338,155339,2020-11-13,California,US,2021-04-02 15:13:53,1021804.0,18304.0,0.0,1003500.0
15318,15318,156100,156101,2020-11-14,California,US,2021-04-02 15:13:53,1030034.0,18342.0,0.0,1011692.0
15376,15376,156862,156863,2020-11-15,California,US,2021-04-02 15:13:53,1038776.0,18352.0,0.0,1020424.0
15434,15434,157624,157625,2020-11-16,California,US,2021-04-02 15:13:53,1050688.0,18393.0,0.0,1032295.0
15492,15492,158386,158387,2020-11-17,California,US,2021-04-02 15:13:53,1062095.0,18450.0,0.0,1043645.0
15550,15550,159148,159149,2020-11-18,California,US,2021-04-02 15:13:53,1074204.0,18540.0,0.0,1055664.0
15608,15608,159910,159911,2020-11-19,California,US,2021-04-02 15:13:53,1088201.0,18644.0,0.0,1069557.0
15666,15666,160672,160673,2020-11-20,California,US,2021-04-02 15:13:53,1101494.0,18741.0,0.0,1082753.0
15724,15724,161434,161435,2020-11-21,California,US,2021-04-02 15:13:53,1115122.0,18803.0,0.0,1096319.0
15782,15782,162196,162197,2020-11-22,California,US,2021-04-02 15:13:53,1123987.0,18820.0,0.0,1105167.0
15840,15840,162958,162959,2020-11-23,California,US,2021-04-02 15:13:53,1141930.0,18878.0,0.0,1123052.0
15898,15898,163720,163721,2020-11-24,California,US,2021-04-02 15:13:53,1159318.0,18978.0,0.0,1140340.0
15956,15956,164483,164484,2020-11-25,California,US,2021-04-02 15:13:53,1173797.0,19081.0,0.0,1154716.0
16014,16014,165246,165247,2020-11-26,California,US,2021-04-02 15:13:53,1181614.0,19122.0,0.0,1162492.0
16072,16072,166009,166010,2020-11-27,California,US,2021-04-02 15:13:53,1198409.0,19184.0,0.0,1179225.0
16130,16130,166772,166773,2020-11-28,California,US,2021-04-02 15:13:53,1212263.0,19227.0,0.0,1193036.0
16188,16188,167535,167536,2020-11-29,California,US,2021-04-02 15:13:53,1226219.0,19247.0,0.0,1206972.0
16246,16246,168298,168299,2020-11-30,California,US,2021-04-02 15:13:53,1244952.0,19308.0,0.0,1225644.0
16304,16304,169061,169062,2020-12-01,California,US,2021-04-02 15:13:53,1262927.0,19422.0,0.0,1243505.0
16362,16362,169824,169825,2020-12-02,California,US,2021-04-02 15:13:53,1282173.0,19530.0,0.0,1262643.0
16420,16420,170587,170588,2020-12-03,California,US,2021-04-02 15:13:53,1305611.0,19680.0,0.0,1285931.0
16478,16478,171350,171351,2020-12-04,California,US,2021-04-02 15:13:53,1330683.0,19906.0,0.0,1310777.0
16536,16536,172113,172114,2020-12-05,California,US,2021-04-02 15:13:53,1356263.0,19998.0,0.0,1336265.0
16594,16594,172876,172877,2020-12-06,California,US,2021-04-02 15:13:53,1383556.0,20047.0,0.0,1363509.0
16652,16652,173639,173640,2020-12-07,California,US,2021-04-02 15:13:53,1412484.0,20153.0,0.0,1392331.0
16710,16710,174402,174403,2020-12-08,California,US,2021-04-02 15:13:53,1440537.0,20363.0,0.0,1420174.0
16768,16768,175165,175166,2020-12-09,California,US,2021-04-02 15:13:53,1473446.0,20562.0,0.0,1452884.0
16826,16826,175928,175929,2020-12-10,California,US,2021-04-02 15:13:53,1509057.0,20737.0,0.0,1488320.0
16884,16884,176691,176692,2020-12-11,California,US,2021-04-02 15:13:53,1546199.0,20956.0,0.0,1525243.0
16942,16942,177454,177455,2020-12-12,California,US,2021-04-02 15:13:53,1575719.0,21075.0,0.0,1554644.0
17000,17000,178217,178218,2020-12-13,California,US,2021-04-02 15:13:53,1607328.0,21144.0,0.0,1586184.0
17058,17058,178980,178981,2020-12-14,California,US,2021-04-02 15:13:53,1632907.0,21236.0,0.0,1611671.0
17116,17116,179743,179744,2020-12-15,California,US,2021-04-02 15:13:53,1675929.0,21602.0,0.0,1654327.0
17174,17174,180506,180507,2020-12-16,California,US,2021-04-02 15:13:53,1738097.0,21936.0,0.0,1716161.0
17232,17232,181269,181270,2020-12-17,California,US,2021-04-02 15:13:53,1784859.0,22257.0,0.0,1762602.0
17290,17290,182032,182033,2020-12-18,California,US,2021-04-02 15:13:53,1833771.0,22544.0,0.0,1811227.0
17348,17348,182795,182796,2020-12-19,California,US,2021-04-02 15:13:53,1869881.0,22702.0,0.0,1847179.0
17406,17406,183558,183559,2020-12-20,California,US,2021-04-02 15:13:53,1909406.0,22783.0,0.0,1886623.0
17464,17464,184321,184322,2020-12-21,California,US,2021-04-02 15:13:53,1954347.0,23012.0,0.0,1931335.0
17522,17522,185084,185085,2020-12-22,California,US,2021-04-02 15:13:53,1990644.0,23395.0,0.0,1967249.0
17580,17580,185847,185848,2020-12-23,California,US,2021-04-02 15:13:53,2035301.0,23744.0,0.0,2011557.0
17638,17638,186610,186611,2020-12-24,California,US,2021-04-02 15:13:53,2068468.0,24044.0,0.0,2044424.0
17696,17696,187373,187374,2020-12-25,California,US,2021-04-02 15:13:53,2085231.0,24104.0,0.0,2061127.0
17754,17754,188136,188137,2020-12-26,California,US,2021-04-02 15:13:53,2144654.0,24342.0,0.0,2120312.0
17812,17812,188899,188900,2020-12-27,California,US,2021-04-02 15:13:53,2178934.0,24403.0,0.0,2154531.0
17870,17870,189662,189663,2020-12-28,California,US,2021-04-02 15:13:53,2222669.0,24660.0,0.0,2198009.0
17928,17928,190425,190426,2020-12-29,California,US,2021-04-02 15:13:53,2258759.0,25102.0,0.0,2233657.0
17986,17986,191188,191189,2020-12-30,California,US,2021-04-02 15:13:53,2291414.0,25532.0,0.0,2265882.0
18044,18044,191951,191952,2020-12-31,California,US,2021-04-02 15:13:53,2325599.0,26132.0,0.0,2299467.0
18102,18102,192714,192715,2021-01-01,California,US,2021-04-02 15:13:53,2365024.0,26504.0,0.0,2338520.0
18160,18160,193477,193478,2021-01-02,California,US,2021-04-02 15:13:53,2415246.0,26696.0,0.0,2388550.0
18218,18218,194240,194241,2021-01-03,California,US,2021-04-02 15:13:53,2452262.0,26788.0,0.0,2425474.0
18276,18276,195004,195005,2021-01-04,California,US,2021-04-02 15:13:53,2490518.0,27160.0,0.0,2463358.0
18334,18334,195768,195769,2021-01-05,California,US,2021-04-02 15:13:53,2529480.0,27684.0,0.0,2501796.0
18392,18392,196532,196533,2021-01-06,California,US,2021-04-02 15:13:53,2567843.0,28240.0,0.0,2539603.0
18450,18450,197296,197297,2021-01-07,California,US,2021-04-02 15:13:53,2609088.0,28746.0,0.0,2580342.0
18508,18508,198060,198061,2021-01-08,California,US,2021-04-02 15:13:53,2653925.0,29306.0,0.0,2624619.0
18566,18566,198824,198825,2021-01-09,California,US,2021-04-02 15:13:53,2704483.0,29890.0,0.0,2674593.0
18624,18624,199588,199589,2021-01-10,California,US,2021-04-02 15:13:53,2744008.0,30187.0,0.0,2713821.0
18682,18682,200352,200353,2021-01-11,California,US,2021-04-02 15:13:53,2784716.0,30670.0,0.0,2754046.0
18740,18740,201116,201117,2021-01-12,California,US,2021-04-02 15:13:53,2832085.0,31345.0,0.0,2800740.0
18798,18798,201880,201881,2021-01-13,California,US,2021-04-02 15:13:53,2870104.0,31871.0,0.0,2838233.0
18856,18856,202644,202645,2021-01-14,California,US,2021-04-02 15:13:53,2910044.0,32517.0,0.0,2877527.0
18914,18914,203408,203409,2021-01-15,California,US,2021-04-02 15:13:53,2948054.0,33192.0,0.0,2914862.0
18972,18972,204172,204173,2021-01-16,California,US,2021-04-02 15:13:53,2983149.0,33574.0,0.0,2949575.0
19030,19030,204936,204937,2021-01-17,California,US,2021-04-02 15:13:53,3014428.0,33810.0,0.0,2980618.0
19088,19088,205700,205701,2021-01-18,California,US,2021-04-02 15:13:53,3043005.0,33961.0,0.0,3009044.0
19146,19146,206464,206465,2021-01-19,California,US,2021-04-02 15:13:53,3078551.0,34656.0,0.0,3043895.0
19204,19204,207228,207229,2021-01-20,California,US,2021-04-02 15:13:53,3097632.0,35277.0,0.0,3062355.0
19262,19262,207993,207994,2021-01-21,California,US,2021-04-02 15:13:53,3122705.0,36036.0,0.0,3086669.0
19320,19320,208758,208759,2021-01-22,California,US,2021-04-02 15:13:53,3147207.0,36615.0,0.0,3110592.0
19378,19378,209523,209524,2021-01-23,California,US,2021-04-02 15:13:53,3168028.0,37101.0,0.0,3130927.0
19436,19436,210288,210289,2021-01-24,California,US,2021-04-02 15:13:53,3187475.0,37376.0,0.0,3150099.0
19494,19494,211053,211054,2021-01-25,California,US,2021-04-02 15:13:53,3213222.0,37800.0,0.0,3175422.0
19552,19552,211818,211819,2021-01-26,California,US,2021-04-02 15:13:53,3235045.0,38496.0,0.0,3196549.0
19610,19610,212583,212584,2021-01-27,California,US,2021-04-02 15:13:53,3251292.0,39050.0,0.0,3212242.0
19668,19668,213348,213349,2021-01-28,California,US,2021-04-02 15:13:53,3273905.0,39817.0,0.0,3234088.0
19726,19726,214113,214114,2021-01-29,California,US,2021-04-02 15:13:53,3293531.0,40497.0,0.0,3253034.0
19784,19784,214878,214879,2021-01-30,California,US,2021-04-02 15:13:53,3310949.0,40976.0,0.0,3269973.0
19842,19842,215643,215644,2021-01-31,California,US,2021-04-02 15:13:53,3324264.0,41211.0,0.0,3283053.0
19900,19900,216408,216409,2021-02-01,California,US,2021-04-02 15:13:53,3342647.0,41702.0,0.0,3300945.0
19958,19958,217173,217174,2021-02-02,California,US,2021-04-02 15:13:53,3355781.0,42157.0,0.0,3313624.0
20016,20016,217938,217939,2021-02-03,California,US,2021-04-02 15:13:53,3368281.0,42762.0,0.0,3325519.0
20074,20074,218703,218704,2021-02-04,California,US,2021-04-02 15:13:53,3382932.0,43387.0,0.0,3339545.0
20132,20132,219468,219469,2021-02-05,California,US,2021-04-02 15:13:53,3399745.0,44019.0,0.0,3355726.0
20190,20190,220233,220234,2021-02-06,California,US,2021-04-02 15:13:53,3408241.0,44361.0,0.0,3363880.0
20248,20248,220998,220999,2021-02-07,California,US,2021-04-02 15:13:53,3417982.0,44594.0,0.0,3373388.0
20306,20306,221763,221764,2021-02-08,California,US,2021-04-02 15:13:53,3432088.0,44940.0,0.0,3387148.0
20364,20364,222528,222529,2021-02-09,California,US,2021-04-02 15:13:53,3442672.0,45454.0,0.0,3397218.0
20422,20422,223293,223294,2021-02-10,California,US,2021-04-02 15:13:53,3451176.0,45925.0,0.0,3405251.0
20480,20480,224058,224059,2021-02-11,California,US,2021-04-02 15:13:53,3461753.0,46475.0,0.0,3415278.0
20538,20538,224823,224824,2021-02-12,California,US,2021-04-02 15:13:53,3471311.0,46932.0,0.0,3424379.0
20596,20596,225588,225589,2021-02-13,California,US,2021-04-02 15:13:53,3480228.0,47349.0,0.0,3432879.0
20654,20654,226353,226354,2021-02-14,California,US,2021-04-02 15:13:53,3485841.0,47564.0,0.0,3438277.0
20712,20712,227118,227119,2021-02-15,California,US,2021-04-02 15:13:53,3491392.0,47630.0,0.0,3443762.0
20770,20770,227883,227884,2021-02-16,California,US,2021-04-02 15:13:53,3499871.0,48037.0,0.0,3451834.0
20828,20828,228648,228649,2021-02-17,California,US,2021-04-02 15:13:53,3506402.0,48457.0,0.0,3457945.0
20886,20886,229413,229414,2021-02-18,California,US,2021-04-02 15:13:53,3512396.0,48824.0,0.0,3463572.0
20944,20944,230178,230179,2021-02-19,California,US,2021-04-02 15:13:53,3521225.0,49380.0,0.0,3471845.0
21002,21002,230943,230944,2021-02-20,California,US,2021-04-02 15:13:53,3527338.0,49680.0,0.0,3477658.0
21060,21060,231708,231709,2021-02-21,California,US,2021-04-02 15:13:53,3531846.0,49936.0,0.0,3481910.0
21118,21118,232473,232474,2021-02-22,California,US,2021-04-02 15:13:53,3536946.0,50151.0,0.0,3486795.0
21176,21176,233238,233239,2021-02-23,California,US,2021-04-02 15:13:53,3543340.0,50496.0,0.0,3492844.0
21234,21234,234003,234004,2021-02-24,California,US,2021-04-02 15:13:53,3549090.0,51582.0,0.0,3497508.0
21292,21292,234768,234769,2021-02-25,California,US,2021-04-02 15:13:53,3554629.0,52082.0,0.0,3502547.0
21350,21350,235533,235534,2021-02-26,California,US,2021-04-02 15:13:53,3559682.0,52435.0,0.0,3507247.0
21408,21408,236298,236299,2021-02-27,California,US,2021-04-02 15:13:53,3564094.0,52599.0,0.0,3511495.0
21466,21466,237063,237064,2021-02-28,California,US,2021-04-02 15:13:53,3567582.0,52835.0,0.0,3514747.0
21524,21524,237828,237829,2021-03-01,California,US,2021-04-02 15:13:53,3573549.0,53146.0,0.0,3520403.0
21582,21582,238593,238594,2021-03-02,California,US,2021-04-02 15:13:53,3577966.0,53449.0,0.0,3524517.0
21640,21640,239358,239359,2021-03-03,California,US,2021-04-02 15:13:53,3582320.0,53728.0,0.0,3528592.0
21698,21698,240123,240124,2021-03-04,California,US,2021-04-02 15:13:53,3587567.0,54108.0,0.0,3533459.0
21756,21756,240888,240889,2021-03-05,California,US,2021-04-02 15:13:53,3592560.0,54495.0,0.0,3538065.0
21814,21814,241653,241654,2021-03-06,California,US,2021-04-02 15:13:53,3596760.0,54771.0,0.0,3541989.0
21872,21872,242418,242419,2021-03-07,California,US,2021-04-02 15:13:53,3599311.0,54858.0,0.0,3544453.0
21930,21930,243183,243184,2021-03-08,California,US,2021-04-02 15:13:53,3602445.0,54950.0,0.0,3547495.0
21988,21988,243948,243949,2021-03-09,California,US,2021-04-02 15:13:53,3607891.0,55259.0,0.0,3552632.0
22046,22046,244713,244714,2021-03-10,California,US,2021-04-02 15:13:53,3611295.0,55515.0,0.0,3555780.0
22104,22104,245478,245479,2021-03-11,California,US,2021-04-02 15:13:53,3614852.0,55776.0,0.0,3559076.0
22162,22162,246243,246244,2021-03-12,California,US,2021-04-02 15:13:53,3618976.0,56122.0,0.0,3562854.0
22220,22220,247008,247009,2021-03-13,California,US,2021-04-02 15:13:53,3620890.0,56281.0,0.0,3564609.0
22278,22278,247773,247774,2021-03-14,California,US,2021-04-02 15:13:53,3623063.0,56421.0,0.0,3566642.0
22336,22336,248538,248539,2021-03-15,California,US,2021-04-02 15:13:53,3626027.0,56521.0,0.0,3569506.0
22394,22394,249303,249304,2021-03-16,California,US,2021-04-02 15:13:53,3628300.0,56644.0,0.0,3571656.0
22452,22452,250068,250069,2021-03-17,California,US,2021-04-02 15:13:53,3631572.0,56882.0,0.0,3574690.0
22510,22510,250833,250834,2021-03-18,California,US,2021-04-02 15:13:53,3635179.0,57133.0,0.0,3578046.0
22568,22568,251598,251599,2021-03-19,California,US,2021-04-02 15:13:53,3638212.0,57313.0,0.0,3580899.0
22626,22626,252363,252364,2021-03-20,California,US,2021-04-02 15:13:53,3640524.0,57343.0,0.0,3583181.0
22684,22684,253128,253129,2021-03-21,California,US,2021-04-02 15:13:53,3641876.0,57404.0,0.0,3584472.0
22742,22742,253893,253894,2021-03-22,California,US,2021-04-02 15:13:53,3645303.0,57662.0,0.0,3587641.0
22800,22800,254658,254659,2021-03-23,California,US,2021-04-02 15:13:53,3647808.0,57843.0,0.0,3589965.0
22858,22858,255423,255424,2021-03-24,California,US,2021-04-02 15:13:53,3650638.0,58067.0,0.0,3592571.0
22916,22916,256188,256189,2021-03-25,California,US,2021-04-02 15:13:53,3653168.0,58375.0,0.0,3594793.0
22974,22974,256953,256954,2021-03-26,California,US,2021-04-02 15:13:53,3656610.0,58605.0,0.0,3598005.0
23032,23032,257718,257719,2021-03-27,California,US,2021-04-02 15:13:53,3658714.0,58795.0,0.0,3599919.0
23090,23090,258483,258484,2021-03-28,California,US,2021-04-02 15:13:53,3660713.0,58948.0,0.0,3601765.0
23148,23148,259248,259249,2021-03-29,California,US,2021-04-02 15:13:53,3663913.0,59030.0,0.0,3604883.0
23206,23206,260013,260014,2021-03-30,California,US,2021-04-02 15:13:53,3666266.0,59128.0,0.0,3607138.0
23264,23264,260778,260779,2021-03-31,California,US,2021-04-02 15:13:53,3668745.0,59274.0,0.0,3609471.0
23322,23322,261543,261544,2021-04-01,California,US,2021-04-02 15:13:53,3671349.0,59411.0,0.0,3611938.0
23380,23380,262308,262309,2021-04-02,California,US,2021-04-03 04:20:44,3675191.0,59614.0,0.0,3615577.0
23438,23438,263073,263074,2021-04-03,California,US,2021-04-04 04:20:49,3676183.0,59667.0,0.0,3616516.0
23496,23496,263838,263839,2021-04-04,California,US,2021-04-05 04:20:35,3676873.0,59720.0,0.0,3617153.0
23554,23554,264603,264604,2021-04-05,California,US,2021-04-06 04:20:32,3682861.0,59799.0,0.0,3623062.0
23612,23612,265368,265369,2021-04-06,California,US,2021-04-07 04:20:53,3685045.0,59887.0,0.0,3625158.0
23670,23670,266133,266134,2021-04-07,California,US,2021-04-08 04:21:13,3687493.0,59993.0,0.0,3627500.0
23728,23728,266898,266899,2021-04-08,California,US,2021-04-09 04:21:13,3690031.0,60129.0,0.0,3629902.0
23786,23786,267663,267664,2021-04-09,California,US,2021-04-10 04:20:59,3693674.0,60286.0,0.0,3633388.0
23844,23844,268428,268429,2021-04-10,California,US,2021-04-11 04:20:56,3696980.0,60384.0,0.0,3636596.0
23902,23902,269193,269194,2021-04-11,California,US,2021-04-12 04:21:00,3700471.0,60452.0,0.0,3640019.0
23960,23960,269958,269959,2021-04-12,California,US,2021-04-13 04:20:37,3704070.0,60495.0,0.0,3643575.0
24018,24018,270723,270724,2021-04-13,California,US,2021-04-14 04:20:41,3706629.0,60547.0,0.0,3646082.0
24076,24076,271488,271489,2021-04-14,California,US,2021-04-15 04:20:54,3708716.0,60717.0,0.0,3647999.0
24134,24134,272253,272254,2021-04-15,California,US,2021-04-16 04:20:46,3711723.0,60808.0,0.0,3650915.0
24192,24192,273018,273019,2021-04-16,California,US,2021-04-17 04:20:40,3714587.0,60922.0,0.0,3653665.0
24250,24250,273783,273784,2021-04-17,California,US,2021-04-18 04:20:41,3716579.0,60994.0,0.0,3655585.0
24308,24308,274548,274549,2021-04-18,California,US,2021-04-19 04:20:57,3718210.0,61038.0,0.0,3657172.0
24366,24366,275313,275314,2021-04-19,California,US,2021-04-20 04:20:41,3720901.0,61045.0,0.0,3659856.0
24424,24424,276078,276079,2021-04-20,California,US,2021-04-21 04:21:14,3723446.0,61122.0,0.0,3662324.0
24482,24482,276843,276844,2021-04-21,California,US,2021-04-22 04:20:53,3725088.0,61193.0,0.0,3663895.0
24540,24540,277608,277609,2021-04-22,California,US,2021-04-23 04:20:52,3727913.0,61309.0,0.0,3666604.0
24598,24598,278373,278374,2021-04-23,California,US,2021-04-24 04:20:38,3729116.0,61401.0,0.0,3667715.0
24656,24656,279138,279139,2021-04-24,California,US,2021-04-25 04:20:32,3731145.0,61445.0,0.0,3669700.0
24714,24714,279903,279904,2021-04-25,California,US,2021-04-26 04:21:04,3731770.0,61479.0,0.0,3670291.0
24772,24772,280668,280669,2021-04-26,California,US,2021-04-27 04:20:52,3734562.0,61500.0,0.0,3673062.0
24830,24830,281433,281434,2021-04-27,California,US,2021-04-28 04:20:32,3736745.0,61526.0,0.0,3675219.0
24888,24888,282198,282199,2021-04-28,California,US,2021-04-29 04:20:55,3738327.0,61587.0,0.0,3676740.0
24946,24946,282963,282964,2021-04-29,California,US,2021-04-30 04:21:03,3740038.0,61672.0,0.0,3678366.0
25004,25004,283728,283729,2021-04-30,California,US,2021-05-01 04:20:47,3742115.0,61768.0,0.0,3680347.0
25062,25062,284493,284494,2021-05-01,California,US,2021-05-02 04:20:48,3743681.0,61866.0,0.0,3681815.0
25120,25120,285258,285259,2021-05-02,California,US,2021-05-03 04:20:39,3744937.0,61939.0,0.0,3682998.0
25178,25178,286023,286024,2021-05-03,California,US,2021-05-04 04:20:34,3747337.0,61967.0,0.0,3685370.0
25236,25236,286788,286789,2021-05-04,California,US,2021-05-05 04:20:43,3749580.0,62029.0,0.0,3687551.0
25294,25294,287553,287554,2021-05-05,California,US,2021-05-06 04:20:38,3750644.0,62070.0,0.0,3688574.0
25352,25352,288318,288319,2021-05-06,California,US,2021-05-07 04:20:40,3753173.0,62154.0,0.0,3691019.0
25410,25410,289083,289084,2021-05-07,California,US,2021-05-08 04:21:04,3755869.0,62220.0,0.0,3693649.0
25468,25468,289848,289849,2021-05-08,California,US,2021-05-09 04:20:35,3757115.0,62280.0,0.0,3694835.0
25526,25526,290613,290614,2021-05-09,California,US,2021-05-10 04:20:38,3758137.0,62314.0,0.0,3695823.0
25584,25584,291378,291379,2021-05-10,California,US,2021-05-11 04:20:41,3760303.0,62334.0,0.0,3697969.0
25642,25642,292143,292144,2021-05-11,California,US,2021-05-12 04:21:29,3761779.0,62365.0,0.0,3699414.0
25700,25700,292908,292909,2021-05-12,California,US,2021-05-13 04:20:51,3763281.0,62472.0,0.0,3700809.0
25758,25758,293673,293674,2021-05-13,California,US,2021-05-14 04:20:41,3764405.0,62573.0,0.0,3701832.0
25816,25816,294438,294439,2021-05-14,California,US,2021-05-15 04:20:58,3767052.0,62633.0,0.0,3704419.0
25874,25874,295203,295204,2021-05-15,California,US,2021-05-16 04:20:49,3768087.0,62656.0,0.0,3705431.0
25932,25932,295968,295969,2021-05-16,California,US,2021-05-17 04:20:34,3768805.0,62690.0,0.0,3706115.0
25990,25990,296733,296734,2021-05-17,California,US,2021-05-18 04:20:33,3769827.0,62699.0,0.0,3707128.0
26048,26048,297498,297499,2021-05-18,California,US,2021-05-19 04:20:42,3771240.0,62727.0,0.0,3708513.0
26106,26106,298263,298264,2021-05-19,California,US,2021-05-20 04:21:05,3772702.0,62765.0,0.0,3709937.0
26164,26164,299028,299029,2021-05-20,California,US,2021-05-21 04:20:43,3774494.0,62817.0,0.0,3711677.0
26222,26222,299793,299794,2021-05-21,California,US,2021-05-22 04:20:45,3775619.0,62862.0,0.0,3712757.0
26280,26280,300558,300559,2021-05-22,California,US,2021-05-23 04:20:51,3776346.0,62911.0,0.0,3713435.0
26338,26338,301323,301324,2021-05-23,California,US,2021-05-24 04:20:53,3777077.0,62933.0,0.0,3714144.0
26396,26396,302088,302089,2021-05-24,California,US,2021-05-25 04:21:08,3778555.0,62949.0,0.0,3715606.0
26454,26454,302853,302854,2021-05-25,California,US,2021-05-26 04:20:35,3779998.0,62986.0,0.0,3717012.0
26512,26512,303618,303619,2021-05-26,California,US,2021-05-27 04:20:59,3781120.0,63017.0,0.0,3718103.0
26570,26570,304383,304384,2021-05-27,California,US,2021-05-28 04:20:36,3786459.0,63168.0,0.0,3723291.0
26628,26628,305148,305149,2021-05-28,California,US,2021-05-29 04:20:41,3787911.0,63218.0,0.0,3724693.0
26686,26686,305913,305914,2021-05-29,California,US,2021-05-30 04:20:55,3788713.0,63236.0,0.0,3725477.0
